application_id,candidate_id,company,role,location,source,offer_id,offer_type,annual_ctc_inr,offer_generated_at,offer_sent_at,e_sign_sent_at,e_sign_status,e_signed_at,decline_reason,hired
APP00133,CAND00133,DataNova,Business Analyst,Mumbai,Job Portal,OFF10001,Full-Time,611173,2026-07-02 03:00:00,2026-07-03 03:00:00,2026-07-03 03:00:00,Signed,2026-07-07 03:00:00,,True
APP00530,CAND00530,InsightHub,BI Analyst,Bengaluru,LinkedIn,OFF10002,Contract,501422,2026-07-02 05:00:00,2026-07-04 05:00:00,2026-07-05 05:00:00,Declined,,Compensation,False
APP00066,CAND00066,DataNova,BI Analyst,Pune,Referral,OFF10003,Internship,583689,2026-07-07 06:00:00,2026-07-09 06:00:00,2026-07-10 06:00:00,Signed,2026-07-11 06:00:00,,True
APP00085,CAND00085,NextGen Labs,Data Analyst,Hyderabad,Company Website,OFF10004,Full-Time,1117276,2026-07-05 22:00:00,2026-07-06 22:00:00,2026-07-06 22:00:00,Signed,2026-07-08 22:00:00,,True
APP00212,CAND00212,DataNova,Business Analyst,Hyderabad,Referral,OFF10005,Full-Time,655741,2026-07-07 01:00:00,2026-07-08 01:00:00,2026-07-09 01:00:00,Signed,2026-07-11 01:00:00,,True
APP00100,CAND00100,BrightWorks,BI Analyst,Pune,Job Portal,OFF10006,Full-Time,398408,2026-07-07 10:00:00,2026-07-08 10:00:00,2026-07-08 10:00:00,Declined,,Accepted another offer,False
APP00211,CAND00211,Alpha Tech,Marketing Analyst,Hyderabad,Referral,OFF10007,Contract,1121375,2026-07-07 22:00:00,2026-07-09 22:00:00,2026-07-10 22:00:00,Pending,,,False
APP00614,CAND00614,NextGen Labs,Business Analyst,Gurugram,Job Portal,OFF10008,Full-Time,812542,2026-07-05 13:00:00,2026-07-07 13:00:00,2026-07-08 13:00:00,Signed,2026-07-12 13:00:00,,True
APP00141,CAND00141,DataNova,Marketing Analyst,Delhi,Campus,OFF10009,Internship,404094,2026-07-09 20:00:00,2026-07-11 20:00:00,2026-07-11 20:00:00,Signed,2026-07-15 20:00:00,,True
APP00547,CAND00547,DataNova,BI Analyst,Gurugram,Job Portal,OFF10010,Full-Time,374229,2026-07-08 11:00:00,2026-07-10 11:00:00,2026-07-11 11:00:00,Signed,2026-07-14 11:00:00,,True
APP00328,CAND00328,DataNova,Data Analyst,Bengaluru,Referral,OFF10011,Full-Time,377547,2026-07-10 17:00:00,2026-07-11 17:00:00,2026-07-12 17:00:00,Declined,,Compensation,False
APP00731,CAND00731,Alpha Tech,Data Analyst,Pune,Job Portal,OFF10012,Internship,1119642,2026-07-15 01:00:00,2026-07-17 01:00:00,2026-07-17 01:00:00,Pending,,,False
APP00498,CAND00498,DataNova,Data Analyst,Delhi,Job Portal,OFF10013,Full-Time,805352,2026-07-12 05:00:00,2026-07-14 05:00:00,2026-07-15 05:00:00,Signed,2026-07-16 05:00:00,,True
APP00660,CAND00660,Alpha Tech,Marketing Analyst,Delhi,Referral,OFF10014,Full-Time,912134,2026-07-09 10:00:00,2026-07-11 10:00:00,2026-07-11 10:00:00,Signed,2026-07-14 10:00:00,,True
APP00799,CAND00799,DataNova,Business Analyst,Mumbai,Referral,OFF10015,Full-Time,1167054,2026-07-12 13:00:00,2026-07-14 13:00:00,2026-07-14 13:00:00,Signed,2026-07-18 13:00:00,,True
APP00556,CAND00556,InsightHub,Business Analyst,Hyderabad,Company Website,OFF10016,Full-Time,661149,2026-07-09 18:00:00,2026-07-11 18:00:00,2026-07-11 18:00:00,Signed,2026-07-16 18:00:00,,True
APP00737,CAND00737,Alpha Tech,Product Analyst,Mumbai,Company Website,OFF10017,Full-Time,1116530,2026-07-14 22:00:00,2026-07-15 22:00:00,2026-07-16 22:00:00,Signed,2026-07-21 22:00:00,,True
APP00992,CAND00992,NextGen Labs,BI Analyst,Pune,Referral,OFF10018,Full-Time,662775,2026-07-16 01:00:00,2026-07-17 01:00:00,2026-07-18 01:00:00,Signed,2026-07-19 01:00:00,,True
APP00408,CAND00408,DataNova,BI Analyst,Mumbai,Job Portal,OFF10019,Internship,930220,2026-07-16 07:00:00,2026-07-17 07:00:00,2026-07-18 07:00:00,Signed,2026-07-20 07:00:00,,True
APP00291,CAND00291,InsightHub,BI Analyst,Delhi,Job Portal,OFF10020,Full-Time,1044005,2026-07-14 10:00:00,2026-07-16 10:00:00,2026-07-16 10:00:00,Signed,2026-07-19 10:00:00,,True
APP00481,CAND00481,DataNova,Marketing Analyst,Delhi,Referral,OFF10021,Full-Time,360075,2026-07-16 17:00:00,2026-07-18 17:00:00,2026-07-19 17:00:00,Signed,2026-07-21 17:00:00,,True
APP00914,CAND00914,InsightHub,Data Analyst,Delhi,Company Website,OFF10022,Internship,960816,2026-07-12 18:00:00,2026-07-13 18:00:00,2026-07-13 18:00:00,Signed,2026-07-14 18:00:00,,True
APP00168,CAND00168,Alpha Tech,Marketing Analyst,Hyderabad,Job Portal,OFF10023,Full-Time,1025762,2026-07-11 23:00:00,2026-07-12 23:00:00,2026-07-12 23:00:00,Signed,2026-07-14 23:00:00,,True
APP00781,CAND00781,InsightHub,Marketing Analyst,Bengaluru,Referral,OFF10024,Full-Time,1172061,2026-07-15 12:00:00,2026-07-17 12:00:00,2026-07-17 12:00:00,Declined,,Personal reasons,False
APP00710,CAND00710,InsightHub,Business Analyst,Hyderabad,Referral,OFF10025,Full-Time,915037,2026-07-15 19:00:00,2026-07-16 19:00:00,2026-07-17 19:00:00,Declined,,Compensation,False
APP00801,CAND00801,Alpha Tech,Marketing Analyst,Gurugram,LinkedIn,OFF10026,Contract,739374,2026-07-16 23:00:00,2026-07-17 23:00:00,2026-07-17 23:00:00,Signed,2026-07-22 23:00:00,,True
APP00886,CAND00886,InsightHub,Data Analyst,Hyderabad,Job Portal,OFF10027,Full-Time,429537,2026-07-19 04:00:00,2026-07-20 04:00:00,2026-07-21 04:00:00,Pending,,,False
APP00871,CAND00871,Alpha Tech,Data Analyst,Delhi,Company Website,OFF10028,Internship,991150,2026-07-15 11:00:00,2026-07-16 11:00:00,2026-07-17 11:00:00,Signed,2026-07-21 11:00:00,,True
APP00047,CAND00047,InsightHub,BI Analyst,Mumbai,Company Website,OFF10029,Full-Time,718449,2026-07-19 17:00:00,2026-07-21 17:00:00,2026-07-22 17:00:00,Signed,2026-07-25 17:00:00,,True
APP00089,CAND00089,Alpha Tech,Data Analyst,Gurugram,Campus,OFF10030,Full-Time,1026280,2026-07-15 12:00:00,2026-07-17 12:00:00,2026-07-18 12:00:00,Pending,,,False
APP00503,CAND00503,NextGen Labs,Data Analyst,Pune,Company Website,OFF10031,Full-Time,344390,2026-07-17 15:00:00,2026-07-18 15:00:00,2026-07-19 15:00:00,Pending,,,False
APP00800,CAND00800,BrightWorks,Data Analyst,Pune,Campus,OFF10032,Full-Time,611401,2026-07-20 18:00:00,2026-07-22 18:00:00,2026-07-22 18:00:00,Pending,,,False
APP00104,CAND00104,BrightWorks,Marketing Analyst,Gurugram,Company Website,OFF10033,Internship,1021689,2026-07-18 00:00:00,2026-07-20 00:00:00,2026-07-21 00:00:00,Pending,,,False
APP00277,CAND00277,NextGen Labs,Marketing Analyst,Mumbai,LinkedIn,OFF10034,Full-Time,849213,2026-07-21 09:00:00,2026-07-23 09:00:00,2026-07-23 09:00:00,Signed,2026-07-26 09:00:00,,True
APP00752,CAND00752,BrightWorks,Data Analyst,Hyderabad,Campus,OFF10035,Contract,946771,2026-07-20 22:00:00,2026-07-22 22:00:00,2026-07-23 22:00:00,Signed,2026-07-25 22:00:00,,True
APP00901,CAND00901,InsightHub,Product Analyst,Bengaluru,Job Portal,OFF10036,Full-Time,831592,2026-07-21 15:00:00,2026-07-23 15:00:00,2026-07-23 15:00:00,Pending,,,False
APP00902,CAND00902,InsightHub,Product Analyst,Mumbai,Job Portal,OFF10037,Full-Time,1024166,2026-07-24 16:00:00,2026-07-25 16:00:00,2026-07-26 16:00:00,Declined,,Compensation,False
APP00330,CAND00330,BrightWorks,BI Analyst,Pune,Job Portal,OFF10038,Full-Time,1047496,2026-07-23 18:00:00,2026-07-25 18:00:00,2026-07-26 18:00:00,Declined,,Compensation,False
APP00490,CAND00490,NextGen Labs,Product Analyst,Gurugram,Campus,OFF10039,Contract,984374,2026-07-24 14:00:00,2026-07-25 14:00:00,2026-07-25 14:00:00,Declined,,Role mismatch,False
APP00126,CAND00126,DataNova,Business Analyst,Gurugram,Company Website,OFF10040,Contract,896690,2026-07-23 19:00:00,2026-07-24 19:00:00,2026-07-25 19:00:00,Signed,2026-07-28 19:00:00,,True
APP00396,CAND00396,InsightHub,Business Analyst,Gurugram,Campus,OFF10041,Full-Time,540532,2026-07-27 21:00:00,2026-07-29 21:00:00,2026-07-29 21:00:00,Signed,2026-07-30 21:00:00,,True
APP00265,CAND00265,BrightWorks,Business Analyst,Bengaluru,LinkedIn,OFF10042,Full-Time,368260,2026-07-28 16:00:00,2026-07-30 16:00:00,2026-07-30 16:00:00,Signed,2026-07-31 16:00:00,,True
APP00502,CAND00502,Alpha Tech,Marketing Analyst,Gurugram,Referral,OFF10043,Full-Time,1010767,2026-07-22 17:00:00,2026-07-23 17:00:00,2026-07-24 17:00:00,Signed,2026-07-27 17:00:00,,True
APP00381,CAND00381,BrightWorks,Data Analyst,Delhi,Job Portal,OFF10044,Internship,616207,2026-07-24 21:00:00,2026-07-25 21:00:00,2026-07-26 21:00:00,Signed,2026-07-29 21:00:00,,True
APP00436,CAND00436,DataNova,Marketing Analyst,Bengaluru,LinkedIn,OFF10045,Full-Time,524253,2026-07-26 07:00:00,2026-07-27 07:00:00,2026-07-27 07:00:00,Signed,2026-07-29 07:00:00,,True
APP00829,CAND00829,InsightHub,BI Analyst,Gurugram,LinkedIn,OFF10046,Full-Time,302788,2026-07-27 11:00:00,2026-07-29 11:00:00,2026-07-30 11:00:00,Signed,2026-08-02 11:00:00,,True
APP00320,CAND00320,BrightWorks,Product Analyst,Gurugram,Job Portal,OFF10047,Full-Time,424106,2026-07-31 03:00:00,2026-08-02 03:00:00,2026-08-02 03:00:00,Signed,2026-08-03 03:00:00,,True
APP00391,CAND00391,InsightHub,Business Analyst,Delhi,Campus,OFF10048,Full-Time,332068,2026-07-29 05:00:00,2026-07-31 05:00:00,2026-07-31 05:00:00,Signed,2026-08-05 05:00:00,,True
APP00284,CAND00284,InsightHub,BI Analyst,Gurugram,Job Portal,OFF10049,Internship,651351,2026-08-01 23:00:00,2026-08-02 23:00:00,2026-08-03 23:00:00,Signed,2026-08-04 23:00:00,,True
APP00652,CAND00652,DataNova,BI Analyst,Pune,Referral,OFF10050,Internship,566458,2026-07-29 06:00:00,2026-07-31 06:00:00,2026-08-01 06:00:00,Signed,2026-08-04 06:00:00,,True
APP00842,CAND00842,BrightWorks,Product Analyst,Delhi,Referral,OFF10051,Full-Time,748056,2026-08-02 21:00:00,2026-08-04 21:00:00,2026-08-05 21:00:00,Signed,2026-08-07 21:00:00,,True
APP00783,CAND00783,BrightWorks,Business Analyst,Gurugram,Job Portal,OFF10052,Internship,815946,2026-08-02 06:00:00,2026-08-04 06:00:00,2026-08-04 06:00:00,Signed,2026-08-08 06:00:00,,True
APP00679,CAND00679,Alpha Tech,Marketing Analyst,Delhi,Campus,OFF10053,Internship,557240,2026-08-03 11:00:00,2026-08-04 11:00:00,2026-08-04 11:00:00,Signed,2026-08-07 11:00:00,,True
APP00107,CAND00107,Alpha Tech,BI Analyst,Mumbai,Company Website,OFF10054,Internship,781469,2026-07-30 14:00:00,2026-07-31 14:00:00,2026-07-31 14:00:00,Signed,2026-08-01 14:00:00,,True
APP00151,CAND00151,NextGen Labs,Product Analyst,Delhi,Campus,OFF10055,Contract,845205,2026-08-02 20:00:00,2026-08-03 20:00:00,2026-08-03 20:00:00,Pending,,,False
APP00849,CAND00849,Alpha Tech,Business Analyst,Mumbai,Company Website,OFF10056,Full-Time,905150,2026-08-04 05:00:00,2026-08-06 05:00:00,2026-08-07 05:00:00,Signed,2026-08-10 05:00:00,,True
APP00750,CAND00750,InsightHub,BI Analyst,Mumbai,Referral,OFF10057,Internship,842253,2026-08-05 10:00:00,2026-08-07 10:00:00,2026-08-08 10:00:00,Signed,2026-08-11 10:00:00,,True
APP00496,CAND00496,InsightHub,Marketing Analyst,Mumbai,Company Website,OFF10058,Full-Time,330415,2026-08-06 06:00:00,2026-08-07 06:00:00,2026-08-07 06:00:00,Declined,,Accepted another offer,False
APP00913,CAND00913,DataNova,Product Analyst,Hyderabad,Referral,OFF10059,Full-Time,515836,2026-08-06 07:00:00,2026-08-08 07:00:00,2026-08-08 07:00:00,Signed,2026-08-13 07:00:00,,True
APP00590,CAND00590,InsightHub,Data Analyst,Mumbai,Job Portal,OFF10060,Internship,1014695,2026-07-31 20:00:00,2026-08-02 20:00:00,2026-08-03 20:00:00,Pending,,,False
APP00981,CAND00981,NextGen Labs,BI Analyst,Delhi,Company Website,OFF10061,Contract,860311,2026-08-06 11:00:00,2026-08-08 11:00:00,2026-08-08 11:00:00,Signed,2026-08-11 11:00:00,,True
APP00991,CAND00991,InsightHub,Marketing Analyst,Hyderabad,LinkedIn,OFF10062,Internship,566195,2026-08-04 15:00:00,2026-08-05 15:00:00,2026-08-06 15:00:00,Signed,2026-08-11 15:00:00,,True
APP00967,CAND00967,InsightHub,Marketing Analyst,Gurugram,LinkedIn,OFF10063,Full-Time,621527,2026-08-06 01:00:00,2026-08-08 01:00:00,2026-08-09 01:00:00,Pending,,,False
APP00609,CAND00609,InsightHub,Data Analyst,Mumbai,Company Website,OFF10064,Full-Time,1136301,2026-08-03 07:00:00,2026-08-04 07:00:00,2026-08-05 07:00:00,Declined,,Compensation,False
APP00178,CAND00178,InsightHub,Business Analyst,Mumbai,Company Website,OFF10065,Full-Time,961221,2026-08-02 14:00:00,2026-08-04 14:00:00,2026-08-04 14:00:00,Signed,2026-08-06 14:00:00,,True
APP00098,CAND00098,DataNova,Marketing Analyst,Bengaluru,Company Website,OFF10066,Contract,637129,2026-08-03 03:00:00,2026-08-05 03:00:00,2026-08-05 03:00:00,Signed,2026-08-10 03:00:00,,True
APP00860,CAND00860,DataNova,Product Analyst,Hyderabad,Job Portal,OFF10067,Full-Time,561376,2026-08-09 22:00:00,2026-08-10 22:00:00,2026-08-11 22:00:00,Signed,2026-08-16 22:00:00,,True
APP00029,CAND00029,InsightHub,Business Analyst,Mumbai,Referral,OFF10068,Full-Time,416185,2026-08-11 09:00:00,2026-08-12 09:00:00,2026-08-12 09:00:00,Declined,,Role mismatch,False
APP00922,CAND00922,BrightWorks,Marketing Analyst,Hyderabad,Company Website,OFF10069,Full-Time,1018914,2026-08-07 13:00:00,2026-08-08 13:00:00,2026-08-08 13:00:00,Signed,2026-08-12 13:00:00,,True
APP00741,CAND00741,NextGen Labs,BI Analyst,Gurugram,Company Website,OFF10070,Full-Time,866701,2026-08-09 01:00:00,2026-08-10 01:00:00,2026-08-11 01:00:00,Signed,2026-08-16 01:00:00,,True
APP00951,CAND00951,InsightHub,BI Analyst,Mumbai,Referral,OFF10071,Contract,673599,2026-08-07 02:00:00,2026-08-08 02:00:00,2026-08-08 02:00:00,Pending,,,False
APP00495,CAND00495,BrightWorks,Business Analyst,Hyderabad,Company Website,OFF10072,Internship,923380,2026-08-07 16:00:00,2026-08-09 16:00:00,2026-08-10 16:00:00,Declined,,Personal reasons,False
APP00260,CAND00260,InsightHub,Product Analyst,Bengaluru,Job Portal,OFF10073,Full-Time,797916,2026-08-12 22:00:00,2026-08-14 22:00:00,2026-08-15 22:00:00,Signed,2026-08-18 22:00:00,,True
APP00073,CAND00073,Alpha Tech,Data Analyst,Bengaluru,Job Portal,OFF10074,Full-Time,778805,2026-08-11 06:00:00,2026-08-12 06:00:00,2026-08-13 06:00:00,Signed,2026-08-18 06:00:00,,True
APP00345,CAND00345,NextGen Labs,Product Analyst,Delhi,Company Website,OFF10075,Full-Time,906012,2026-08-07 09:00:00,2026-08-09 09:00:00,2026-08-09 09:00:00,Declined,,Personal reasons,False
APP00540,CAND00540,Alpha Tech,BI Analyst,Delhi,Job Portal,OFF10076,Full-Time,988521,2026-08-11 02:00:00,2026-08-13 02:00:00,2026-08-14 02:00:00,Signed,2026-08-17 02:00:00,,True
APP00075,CAND00075,NextGen Labs,BI Analyst,Delhi,LinkedIn,OFF10077,Full-Time,766540,2026-08-14 07:00:00,2026-08-15 07:00:00,2026-08-15 07:00:00,Signed,2026-08-18 07:00:00,,True
APP00374,CAND00374,Alpha Tech,Data Analyst,Delhi,Referral,OFF10078,Full-Time,670705,2026-08-17 12:00:00,2026-08-18 12:00:00,2026-08-19 12:00:00,Signed,2026-08-21 12:00:00,,True
APP00336,CAND00336,Alpha Tech,BI Analyst,Mumbai,Job Portal,OFF10079,Full-Time,531856,2026-08-17 20:00:00,2026-08-18 20:00:00,2026-08-18 20:00:00,Declined,,Compensation,False
APP00009,CAND00009,Alpha Tech,Marketing Analyst,Pune,Referral,OFF10080,Full-Time,572167,2026-08-13 07:00:00,2026-08-15 07:00:00,2026-08-15 07:00:00,Signed,2026-08-18 07:00:00,,True
APP00716,CAND00716,BrightWorks,Marketing Analyst,Pune,Campus,OFF10081,Internship,1181444,2026-08-17 09:00:00,2026-08-18 09:00:00,2026-08-18 09:00:00,Signed,2026-08-20 09:00:00,,True
APP00105,CAND00105,Alpha Tech,Product Analyst,Gurugram,Campus,OFF10082,Full-Time,466605,2026-08-14 08:00:00,2026-08-15 08:00:00,2026-08-15 08:00:00,Signed,2026-08-18 08:00:00,,True
APP00057,CAND00057,Alpha Tech,Product Analyst,Gurugram,Job Portal,OFF10083,Internship,386449,2026-08-15 10:00:00,2026-08-16 10:00:00,2026-08-17 10:00:00,Signed,2026-08-18 10:00:00,,True
APP00180,CAND00180,InsightHub,Business Analyst,Mumbai,Job Portal,OFF10084,Full-Time,855024,2026-08-16 14:00:00,2026-08-17 14:00:00,2026-08-17 14:00:00,Signed,2026-08-18 14:00:00,,True
APP00296,CAND00296,Alpha Tech,Marketing Analyst,Gurugram,Referral,OFF10085,Full-Time,592431,2026-08-19 00:00:00,2026-08-21 00:00:00,2026-08-21 00:00:00,Signed,2026-08-25 00:00:00,,True
